{"cameraMode":{"drawMode":0,"name":"Shaded","section":"Shading Mode"},"sceneLighting":true,"audioPlay":false,"sceneViewState":{"m_AlwaysRefresh":false,"showFog":true,"showSkybox":true,"showFlares":true,"showImageEffects":true,"showParticleSystems":true,"showVisualEffectGraphs":true,"m_FxEnabled":true},"in2DMode":false,"pivot":{"x":0.03982806205749512,"y":0.8830000162124634,"z":2.45215106010437},"rotation":{"x":-0.012431838549673558,"y":0.9115669131278992,"z":-0.027637653052806855,"w":-0.4100354015827179},"size":8.972784042358399,"orthographic":false}